"Seccion","Modulo","Submodulo","Tipo","Descripcion","Funcionamiento","Relaciones","Reglas_Logicas","Archivos_Relacionados","Tablas_Base_Datos","Providers_Servicios","Endpoints_Backend","Flujo_Proceso","Riesgos_Consideraciones","Estado_Actual","Notas_Tecnicas"
"Resumen ejecutivo","Fiado App","Vision general","Funcional","Fiado App es una aplicacion Flutter para pequenos negocios que controla clientes, fiados, pagos, inventario, colaboradores, auditorias, comprobantes, campanas WhatsApp y sincronizacion cloud.","Opera offline-first: guarda primero en SQLite y sincroniza luego con backend ASP.NET Core cuando existe sesion cloud y conexion.","Clientes se enlazan con movimientos, deuda_items, comprobantes, ciclos y scores; productos se enlazan con inventario, imagenes, auditorias, deuda_items y campanas.","Personal ve deudas propias; Negocio administra operacion y suscripcion; Colaborador opera bajo negocio_id con permisos limitados.","ARCHITECTURE.md; README.md; lib/main.dart; lib/screens/principal_screen.dart; lib/screens/personal_portal_screen.dart; lib/screens/colaborador_dashboard_screen.dart","usuarios; clientes; movimientos; productos; subscriptions; sync_queue; sync_outbox","auth_providers.dart; fiado_data_providers.dart; sync_providers.dart","/api/auth/*; /api/clients; /api/products; /api/movements; /api/sync/{module}","Login/registro -> dashboard por rol -> escritura local -> cola sync -> backend -> pull -> UI actualizada.","Divergencia entre dispositivo y cloud si se rompe el patron offline-first o el aislamiento por negocio_id.","Implementado y en evolucion cloud progresiva.","Fila orientada a persona no tecnica."
"Resumen tecnico","Arquitectura","Capas","Tecnico","Arquitectura por capas con UI Flutter, Riverpod, repositorios SQLite, servicios de sync y backend REST ASP.NET Core con EF Core/SQL Server.","Pantallas consumen providers; providers llaman repositorios y servicios; repositorios escriben SQLite y encolan cambios; servicios cloud hacen push/pull.","lib/core centraliza infraestructura; lib/data contiene modelos, repositorios y servicios; lib/screens y lib/presentation contienen UI y providers; backend contiene controllers, services, DTOs y DbContext.","No hacer HTTP desde repositorios locales; no saltarse SQLite como fuente local principal.","ARCHITECTURE.md; API_CONTRACTS.md; lib/core/database/database_schema.dart; lib/core/database/database_helper.dart; backend/src/FiadoApp.Api/Program.cs; backend/src/FiadoApp.Api/Data/FiadoDbContext.cs","Todas las tablas de DatabaseSchema.version 29; entidades DbSet de FiadoDbContext","DatabaseHelper; ApiClient; SyncEngine; AutoSyncService; Cloud*SyncService","Controllers bajo backend/src/FiadoApp.Api/Controllers","UI -> Provider -> Repository -> SQLite -> sync_queue/sync_outbox -> Cloud service -> API -> SQL Server.","Riesgo alto si se cambian contratos JSON, tablas o filtros por negocio_id sin pruebas.","Documentado con base en codigo actual.","La app combina codigo legacy y sync v2."
"Mapa general del sistema","Flujo de datos","Escritura local","Arquitectura","Explica el viaje de datos desde pantalla hasta SQLite.","Una pantalla llama a un provider/notifier; este delega en un repositorio; el repositorio valida, ejecuta transaccion SQLite y registra cola si la entidad sincroniza.","Cada entidad conserva negocio_id/business_id; remote_id une SQLite con SQL Server; local_uuid/uuid ayudan a idempotencia.","Las escrituras compuestas como deuda con productos deben ser transaccionales.","lib/presentation/providers/fiado_data_providers.dart; lib/data/repositories/*; lib/core/database/database_helper.dart","clientes; movimientos; deuda_items; productos; comprobantes; credito_ciclos; sync_queue; sync_outbox","DatabaseHelper; SyncQueueRepository; SyncOutboxRepository","No aplica en escritura local directa","Formulario -> provider -> repository -> transaction SQLite -> cola -> invalidacion de provider.","Una transaccion parcial puede dejar stock, deuda o comprobante inconsistente.","Patron activo.","Deducido de ARCHITECTURE.md y repositorios."
"Mapa general del sistema","Flujo de datos","Sincronizacion cloud","Arquitectura","Explica como los datos salen al backend y vuelven al dispositivo.","AutoSyncService coordina pasos por modulo; Cloud*SyncService lee pendientes, envia push, actualiza remote_id/sync_status y hace pull incremental.","sync_queue registra cambios legacy; sync_outbox agrupa por business_id, module, entity_uuid y operation; sync_state guarda ultimos pull/push.","El backend obtiene businessId desde JWT; no debe confiar en businessId enviado por request publico.","lib/data/services/auto_sync_service.dart; lib/data/services/cloud_client_sync_service.dart; lib/data/services/cloud_product_sync_service.dart; lib/data/services/cloud_movement_sync_service.dart; lib/data/services/sync_engine.dart","sync_queue; sync_outbox; sync_state; tablas sincronizadas por modulo","AutoSyncService; SyncEngine; CloudClientSyncService; CloudProductSyncService; CloudMovementSyncService; CloudReceiptSyncService; CloudCreditCycleSyncService; CloudAuditSyncService","/api/clients/sync/*; /api/products/sync/*; /api/movements/sync/*; /api/receipts/sync/*; /api/credit-cycles/sync/*; /api/audits/sync/*; /api/authorization-requests/sync/*","Pendiente local -> push -> serverId -> update SQLite -> pull -> merge local -> sync_state actualizado.","Duplicados si falla remote_id/local_uuid o filtros por negocio_id; errores persistentes si sync_queue queda failed.","Sync inicial implementada en multiples modulos; sync v2 existe como base generica.","Imagenes de inventario tienen ruta dedicada de metadata/contenido."
"Contexto general","Objetivo del sistema","Negocio","Funcional","Ayudar a negocios pequenos a controlar credito informal, inventario y cobros desde una app local con respaldo cloud progresivo.","El negocio registra clientes, crea deudas, recibe pagos, genera comprobantes, consulta cartera, maneja inventario y controla colaboradores.","negocio_id es el eje de aislamiento para clientes, productos, movimientos, auditorias, solicitudes y campanas.","Negocio requiere plan/trial; Personal no administra inventario; Colaborador depende de un negocio.","ARCHITECTURE.md; lib/screens/principal_screen.dart; lib/widgets/app_navigation_drawer.dart","usuarios; subscriptions; clientes; movimientos; productos","currentUserProvider; currentBusinessIdProvider; subscriptionRepositoryProvider","/api/auth/register/business; /api/subscriptions/status","Registro negocio -> trial/suscripcion -> dashboard -> operacion offline -> sync.","Mezclar negocio_id expone datos o duplica registros.","Implementado.","La documentacion del repo describe migracion progresiva hacia backend."
"Roles y permisos","Personal","Portal Personal","Funcional","Usuario consumidor que consulta deudas y recordatorios asociados a su telefono autenticado.","PersonalPortalScreen y personal_debt_guidance calculan saldos por negocio, vencimientos e historial propio.","Se relaciona con movimientos por personal_user_id o telefono y con comprobantes/recordatorios propios.","No paga suscripcion; no accede a productos, auditorias, colaboradores ni reportes internos.","lib/screens/personal_portal_screen.dart; lib/personal_debt_guidance/*; ARCHITECTURE.md","usuarios; movimientos; comprobantes; credito_ciclos; credito_recordatorios","AuthRepository; PersonalDebtGuidanceService","/api/auth/register/personal; /api/auth/login; /api/auth/me","Login personal -> dashboard personal -> consulta deudas propias -> historial.","Privacidad si filtros por telefono incluyen datos de terceros.","Implementado localmente.","No envia push ni WhatsApp automatico."
"Roles y permisos","Negocio","Administrador","Funcional","Usuario dueno o administrador con acceso completo a operacion, colaboradores, suscripcion, inventario y reportes.","PrincipalScreen muestra KPIs y accesos a clientes, deudas, pagos, productos, auditorias, solicitudes, comprobantes y campanas.","Es duenio de negocio_id; sus datos se propagan a clientes, movimientos, productos, imagenes, auditorias y colaboradores.","Debe tener suscripcion activa o trial valido; aprueba/rechaza solicitudes; respeta limites del plan.","lib/screens/principal_screen.dart; lib/screens/subscription_screen.dart; lib/screens/gestionar_colaboradores_screen.dart","usuarios; subscriptions; clientes; productos; solicitudes_autorizacion","SubscriptionRepository; AuthRepository; SolicitudAutorizacionRepository","/api/auth/register/business; /api/subscriptions/*; /api/authorization-requests/*","Registro/login -> validar acceso -> dashboard -> operaciones -> sync.","Bloqueo operativo si estado de suscripcion local/cloud diverge.","Implementado.","BusinessId en backend sale del JWT."
"Roles y permisos","Colaborador","Operador","Funcional","Usuario asociado a un negocio que ejecuta tareas operativas con permisos restringidos.","ColaboradorDashboardScreen muestra auditorias, solicitudes e inventario; puede agregar inventario y hacer auditorias.","usuarios.negocio_id apunta al negocio; auditorias.colaborador_id y solicitudes_autorizacion.colaborador_id registran autoria.","No paga; no edita/elimina datos sensibles sin aprobacion; costo, margen o precio de productos existentes requieren solicitud.","lib/screens/colaborador_dashboard_screen.dart; lib/screens/mis_solicitudes_screen.dart; lib/data/repositories/solicitud_autorizacion_repository.dart","usuarios; solicitudes_autorizacion; auditorias; auditoria_items; productos","auth_providers.dart; solicitudAutorizacionRepositoryProvider","/api/auth/register/collaborator; /api/authorization-requests/*; /api/audits/my","Negocio crea colaborador -> colaborador login -> opera -> crea solicitud si necesita cambio sensible.","Permisos indebidos si UI o repositorio no valida rol/negocio_id.","Implementado.","Conviene centralizar permisos en futuras mejoras."
"Autenticacion","Login y registro","Sesion local/cloud","Funcional/Tecnico","Gestiona usuarios Personal, Negocio y Colaborador, sesiones locales y tokens cloud.","AuthRepository maneja usuarios/sesiones SQLite; CloudAuthService registra/login contra backend y guarda JWT, businessId y sessionVersion.","usuarios se relaciona con sesiones; negocio usa usuarios.id como negocio local; colaborador referencia negocio_id; backend Users/Businesses generan JWT.","Telefono unico local; JWT requerido para endpoints protegidos; session timeout cierra por inactividad.","lib/data/repositories/auth_repository.dart; lib/data/services/cloud_auth_service.dart; lib/screens/login_screen.dart; lib/screens/register_screen.dart; lib/core/session/*","usuarios; sesiones; subscriptions; Users; Businesses","auth_providers.dart; AuthRepository; CloudAuthService; SessionTimeoutService","/api/auth/register/personal; /api/auth/register/business; /api/auth/register/collaborator; /api/auth/login; /api/auth/me; /api/auth/link-local-user","Registro/login -> sesion local -> JWT si cloud -> providers cargan rol -> dashboard.","Sesion cloud expirada/reemplazada; token guardado fuera de secure storage.","Implementado.","ARCHITECTURE.md documenta hardening de token manual."
"Autenticacion","Sesion cloud","Dispositivo unico","Seguridad","Backend valida una sesion activa por usuario con ActiveDeviceId y SessionVersion.","Program.cs llama AuthService.ValidateActiveSessionAsync; si detecta SESSION_REPLACED responde 401 con codigo especifico.","La app guarda fiado_cloud_session_version y businessId; SyncEngine diagnostica token, businessId y sessionVersion.","Inicio en segundo dispositivo puede invalidar sesion anterior si aplica.","backend/src/FiadoApp.Api/Program.cs; backend/src/FiadoApp.Api/Services/AuthService.cs; lib/data/services/cloud_auth_service.dart; test/session_replaced_status_test.dart","Users backend; sesiones local","CloudAuthService; ApiClient; SyncDiagnosticsRepository","/api/auth/login; endpoints protegidos","Login segundo dispositivo -> backend actualiza sessionVersion/device -> anterior recibe SESSION_REPLACED.","Falsa invalidacion si columnas StagingLocal faltan o token viejo queda activo.","Implementado.","Program.cs verifica columnas requeridas en StagingLocal."
"Suscripciones y planes","Planes","Trial y precios","Funcional","Controla planes SaaS para negocios: Basico, Crecimiento y Empresarial con ciclos mensual, trimestral y anual.","Catalogos en Flutter y backend definen precios USD, limites de colaboradores y descuentos; SubscriptionRepository conserva estado local.","Negocio requiere suscripcion; colaboradores consumen cupo; Personal no paga.","Trial gratis 30 dias; trimestral 10%; anual 20%; limites por plan.","lib/core/constants/subscription_plans.dart; backend/src/FiadoApp.Api/Subscriptions/SubscriptionPlanCatalog.cs; lib/data/repositories/subscription_repository.dart; SUBSCRIPTION_PRICING.md","subscriptions; Subscription; SubscriptionPayments; PaymentMethods","SubscriptionRepository; SubscriptionBillingService; PaymentService backend","/api/subscriptions/activate-trial; /api/subscriptions/status; /api/payments/subscription","Seleccion plan -> trial/pago -> validar acceso negocio -> dashboard.","Precios divergentes entre Flutter y backend.","Implementado con catalogos y pagos preparados.","Precios oficiales documentados en ARCHITECTURE.md."
"Suscripciones y planes","Pagos","Mock Stripe Azul","Tecnico","Infraestructura de pagos para suscripciones con proveedor mock y preparacion Stripe/Azul.","PaymentService backend selecciona proveedor por configuracion; Flutter tiene pantallas de metodos e historial.","Pagos se relacionan con Business, Subscription, PaymentMethod, SubscriptionPayment, PaymentTransaction y webhook logs.","No guardar datos sensibles de tarjeta; usar tokens/proveedores externos.","backend/src/FiadoApp.Api/Payments/*; lib/data/services/payment_service.dart; lib/screens/payment_methods_screen.dart; lib/screens/billing_history_screen.dart","PaymentMethods; SubscriptionPayments; PaymentTransactions; PaymentWebhookLogs; subscriptions","PaymentService; StripeBillingService; AzulPaymentService; SubscriptionBillingService","/api/payments/methods; /api/payments/history; /api/payments/mock/*; /api/payments/stripe/*; /api/payments/azul/*","Usuario negocio abre pago -> backend crea sesion/token/cargo -> actualiza suscripcion.","Webhooks mal configurados o credenciales productivas/de prueba mezcladas.","Mock y proveedores preparados.","No se modificaron integraciones."
"Clientes","Gestion de clientes","CRUD","Funcional/Tecnico","Modulo para crear, editar, listar y consultar clientes por negocio.","ClienteRepository y ClientRepositoryImpl consultan SQLite; CloudClientSyncService sincroniza con backend.","Clientes se relacionan con movimientos, comprobantes, credito_ciclos, client_scores y deuda total.","Telefono unico por negocio; mismo telefono puede existir en negocios distintos; usar cliente_id estable y snapshots historicos.","lib/data/repositories/cliente_repository.dart; lib/data/repositories/client_repository_impl.dart; lib/data/models/cliente_sqlite_model.dart; lib/screens/clientes_screen.dart; backend/src/FiadoApp.Api/Controllers/ClientsController.cs","clientes; movimientos; comprobantes; credito_ciclos; client_scores","clientesProvider; clienteRepositoryProvider; CloudClientSyncService","GET/POST/PUT /api/clients; POST /api/clients/sync/push; POST /api/clients/sync/pull","Formulario cliente -> SQLite clientes -> sync_queue -> push clients -> remote_id -> pull.","Duplicados por telefono si falta negocio_id; relaciones legacy por nombre.","Implementado y sincronizado.","Client identity integrity prioriza cliente_id."
"Deudas","Movimientos","Deuda simple y pagos","Funcional","Registra fiados y pagos como movimientos financieros por cliente y negocio.","MovimientoRepository inserta tipo deuda o pago, actualiza saldos y puede disparar ciclos/comprobantes.","Movimientos dependen de clientes y negocio_id; deuda_items extiende movimientos; comprobantes referencian movimiento_id.","Deuda aumenta saldo; pago reduce saldo/ciclo; snapshots conservan nombre/telefono.","lib/data/repositories/movimiento_repository.dart; lib/data/models/movimiento_sqlite_model.dart; lib/screens/detalle_cliente_screen.dart; backend/src/FiadoApp.Api/Controllers/MovementsController.cs","movimientos; clientes; pagos; credito_ciclos; comprobantes","movimientoRepositoryProvider; CloudMovementSyncService","GET /api/movements/client/{clientId}; POST/PUT /api/movements; POST /api/movements/sync/*","Seleccion cliente -> deuda/pago -> SQLite movimientos -> saldos/ciclos -> cola sync.","Saldo incorrecto si pago afecta ciclo equivocado o movimiento queda sin cliente_id.","Implementado.","La tabla pagos existe, pero movimientos tipo pago es flujo moderno."
"Detalle de articulos fiados","Deuda con productos","deuda_items","Funcional/Tecnico","Asocia productos, cantidades, precios unitarios y subtotales a una deuda.","AgregarDeudaDialog usa productos facturables; al guardar crea movimiento y deuda_items, descuenta inventario y puede generar comprobante.","deuda_items se relaciona con movimientos y productos; comprobantes reconstruyen mercancias desde deuda_items si falta payload.","Si monto final manual es menor al subtotal, registra pago informativo de abono inicial; productos deben tener precio.","lib/screens/widgets/agregar_deuda_dialog.dart; lib/data/repositories/deuda_item_repository.dart; lib/data/repositories/billable_product_query.dart; DEBT_ITEMS_RECEIPT_QA.md","deuda_items; movimientos; productos; comprobantes; credito_ciclos","billableProductsProvider; DeudaItemRepository; CloudMovementSyncService","POST /api/debt-items/sync/push; POST /api/debt-items/sync/pull; GET /api/movements/{movementId}/debt-items","Seleccion articulos -> subtotal -> movimiento + items + stock -> comprobante -> sync.","Productos sin precio, stock negativo o doble descuento.","Implementado con QA dedicada.","BillableProductQuery es fuente unica para articulos facturables."
"Pagos","Ciclos de credito","30/45/60","Regla de negocio","Agrupa fiados por cliente-negocio en ciclos con vencimiento 30, mora 45 y bloqueo 60.","CreditoCicloRepository crea/actualiza ciclos cuando se registran deudas y pagos.","Ciclos se relacionan con clientes, movimientos, recordatorios, excepciones y score.","Primera deuda abre ciclo; deudas dentro de 30 dias entran al mismo; pagos aplican al ciclo mas viejo; saldo cero cierra ciclo.","lib/data/repositories/credito_ciclo_repository.dart; lib/data/models/credito_ciclo_sqlite_model.dart; lib/screens/cuentas_por_cobrar_screen.dart; backend/src/FiadoApp.Api/Controllers/CreditCyclesController.cs","credito_ciclos; credito_ciclo_movimientos; credito_recordatorios; credito_excepciones; movimientos","CreditoCicloRepository; CloudCreditCycleSyncService; CollectionMessageService","/api/credit-cycles/client/{clientId}; /api/credit-cycles/accounts-receivable; /api/credit-cycles/overdue-45; /api/credit-cycles/blocked-60; /api/credit-cycles/sync/*","Crear deuda -> resolver ciclo -> actualizar saldo/fechas -> pagos reducen -> sync.","No cambiar fecha_inicio ni limites al pagar; riesgo financiero alto.","Implementado.","Backend persiste estado calculado por Flutter."
"Inventario","Productos","CRUD y stock","Funcional/Tecnico","Gestiona productos por negocio con cantidad, costo, precio de venta, margen, categoria, ubicacion, codigo y estado.","ProductoRepository guarda en SQLite, filtra negocio_id y encola cambios; CloudProductSyncService sincroniza.","Productos se relacionan con imagenes, deuda_items, auditoria_items, inventory_product_metrics y campanas WhatsApp.","Productos no globales; codigo_referencia unico por negocio activo; precio puede calcularse desde costo + margen.","lib/data/repositories/producto_repository.dart; lib/data/models/producto_sqlite_model.dart; lib/screens/inventario_screen.dart; backend/src/FiadoApp.Api/Controllers/ProductsController.cs","productos; producto_imagenes; deuda_items; auditoria_items; inventory_product_metrics","productosProvider; productoRepositoryProvider; CloudProductSyncService","GET/POST/PUT /api/products; POST /api/products/sync/push; POST /api/products/sync/pull","Crear/editar producto -> SQLite -> sync_queue -> backend -> pull.","Duplicados por codigo/nombre sin negocio_id; inventario incorrecto si deuda descuenta dos veces.","Implementado y sincronizado.","Inventario por negocio esta documentado como regla critica."
"Imagenes de inventario","Producto imagen","Metadata y contenido","Funcional/Tecnico","Permite hasta 3 imagenes por producto, optimizadas y asociadas al negocio/producto.","ProductoImagenRepository guarda rutas y metadata; ProductImageOptimizerService reduce a 500x500; InventoryMediaSyncService sincroniza contenido cuando aplica.","Imagenes se relacionan con productos por producto_id/product_uuid y se muestran en tarjetas, campanas y previews.","Maximo 3 imagenes; JPG/PNG; metadata incluye mime_type, size_bytes, width, height, content_hash y content_available.","lib/data/repositories/producto_imagen_repository.dart; lib/data/services/product_image_optimizer_service.dart; lib/data/services/inventory_media_sync_service.dart; backend/src/FiadoApp.Api/Controllers/InventoryImagesSyncController.cs","producto_imagenes; productos","ProductoImagenRepository; ProductImageOptimizerService; InventoryMediaSyncService","/api/products/images/sync/*; /api/sync/inventory/images/push; /api/sync/inventory/images/pull; /api/sync/inventory/images/{imageUuid}/content; /api/sync/inventory/images/content/push","Seleccion imagen -> optimizar -> guardar local_path/metadata -> miniatura -> sync metadata/contenido.","Rutas locales no disponibles en otro dispositivo; endpoint inventory/images vs inventory_images.","Implementado con diagnosticos y rutas duales.","Backend tiene rutas de compatibilidad."
"Auditorias","Auditoria diaria","Validacion diaria","Funcional","Permite validar stock fisico diario contra sistema.","InventarioScreen crea auditoria diaria, registra items y finaliza cuando todos tienen cantidad.","auditorias pertenece a negocio_id/colaborador_id; auditoria_items referencia productos.","Colaborador puede ejecutar; una auditoria diaria completada queda marcada por fecha.","lib/screens/auditoria_screen.dart; lib/screens/inventario_screen.dart; lib/data/repositories/auditoria_repository.dart","auditorias; auditoria_items; productos; usuarios","auditoriaRepositoryProvider; auditoriasColaboradorProvider","/api/audits/sync/*; /api/audit-items/sync/*","Iniciar diaria -> crear cabecera -> validar productos -> finalizar -> sync.","Auditoria incompleta si se pierde item o cambia producto.","Implementado.","La UI muestra pendientes de auditoria."
"Auditorias","Auditoria semanal","Validacion semanal","Funcional","Permite una validacion semanal adicional cuando corresponde.","InventarioScreen detecta disponibilidad semanal por semana calendario y crea auditoria de tipo semanal.","Comparte tablas y servicios con auditoria diaria.","No debe repetirse si ya fue completada en la misma semana.","lib/screens/inventario_screen.dart; lib/screens/auditoria_reportes_screen.dart; lib/data/services/cloud_audit_sync_service.dart","auditorias; auditoria_items","auditoriaRepositoryProvider; CloudAuditSyncService","GET /api/audits/business/report; GET /api/audits/my","Validar disponibilidad semanal -> crear -> registrar items -> reportar -> sync.","Diferencias de fecha/semana por zona horaria.","Implementado.","Zona local del usuario puede importar para QA."
"Solicitudes de autorizacion","Aprobaciones","Cambios sensibles","Funcional/Tecnico","Gestiona peticiones de colaboradores para cambios que el negocio debe aprobar o rechazar.","SolicitudAutorizacionRepository crea solicitudes con datos antes/despues; pantallas de negocio muestran pendientes; endpoints deciden.","Se relaciona con negocio_id, colaborador_id, entidad, entidad_id y cambio solicitado.","Estados: pendiente, aprobado, rechazado; aprobacion registra usuario aprobador, comentario y resolved_at.","lib/data/repositories/solicitud_autorizacion_repository.dart; lib/screens/solicitudes_pendientes_screen.dart; backend/src/FiadoApp.Api/Controllers/AuthorizationRequestsController.cs","solicitudes_autorizacion; usuarios; productos","solicitudAutorizacionRepositoryProvider; CloudAuthorizationRequestSyncService","GET /api/authorization-requests/pending; GET /api/authorization-requests/my; POST /api/authorization-requests/sync/*; POST /api/authorization-requests/{id}/approve; POST /api/authorization-requests/{id}/reject","Colaborador pide cambio -> sync -> negocio decide -> estado vuelve al colaborador.","Cambio aplicado antes de aprobacion o sin validar negocio/entidad.","Implementado y sincronizado.","Conviene aplicacion atomica al aprobar."
"Colaboradores","Gestion","Altas y limites","Funcional","Permite registrar y administrar colaboradores asociados a un negocio.","Negocio registra colaborador local/cloud; colaborador ingresa con rol propio y opera bajo negocio_id.","Usuarios tipo colaborador referencian usuarios.negocio_id; solicitudes y auditorias usan colaborador_id.","Limite de colaboradores depende del plan; colaborador no paga suscripcion.","lib/screens/gestionar_colaboradores_screen.dart; lib/screens/colaborador_dashboard_screen.dart; backend/src/FiadoApp.Api/Controllers/AuthController.cs","usuarios; subscriptions; solicitudes_autorizacion; auditorias","AuthRepository; CloudAuthService","POST /api/auth/register/collaborator","Negocio crea colaborador -> validar limite -> usuario activo -> login colaborador.","Exceder limite si validacion local/cloud no coincide.","Implementado.","No se detecto controller separado de collaborators; registro vive en AuthController."
"Portal Personal","Deudas personales","Recordatorios","Funcional","Muestra al usuario Personal saldos por negocio y orientacion de pago.","PersonalDebtGuidanceService agrupa movimientos y ciclos por telefono autenticado y genera prioridad suave.","Relaciona movimientos, comprobantes y ciclos sin exponer inventario ni datos internos del negocio.","Solo datos propios por telefono; no usa backend nuevo ni envio automatico.","lib/screens/personal_portal_screen.dart; lib/screens/personal_debt_reminders_screen.dart; lib/personal_debt_guidance/*","movimientos; comprobantes; credito_ciclos; usuarios","PersonalDebtGuidanceService","No hay endpoint especifico actual","Login personal -> cargar deuda propia -> mostrar resumen/detalle.","Privacidad por telefono compartido o mal normalizado.","Implementado local.","Telefono dominicano debe normalizarse con cuidado."
"Comprobantes PDF","Recibos","Generacion y compartir","Funcional/Tecnico","Genera comprobantes internos para deudas y pagos, con PDF imprimible y compartible.","ComprobanteRepository guarda payload_json y saldos; ComprobantePdfService genera PDF con formatter monetario.","Comprobantes referencian movimiento_id, negocio_id, cliente y codigo unico; pueden reconstruir items desde deuda_items.","codigo_comprobante unico; PDF no altera datos; total y saldo deben coincidir con movimiento.","lib/data/repositories/comprobante_repository.dart; lib/data/services/comprobante_pdf_service.dart; lib/screens/comprobante_screen.dart; backend/src/FiadoApp.Api/Controllers/ReceiptsController.cs","comprobantes; movimientos; deuda_items; clientes","ComprobanteRepository; ComprobantePdfService; CloudReceiptSyncService","GET /api/receipts/client/{clientId}; GET /api/receipts/{id}; GET /api/receipts/code/{code}; POST /api/receipts/sync/*","Crear deuda/pago -> comprobante -> ver -> PDF -> compartir/imprimir -> sync.","Payload desactualizado o saldos no coincidentes.","Implementado.","MoneyFormatter centraliza formato monetario."
"Campanas de WhatsApp","Estados","Flyers y publicaciones","Funcional","Permite crear publicaciones de productos para Estados de WhatsApp sin API oficial.","WhatsappCampaignRepository selecciona productos activos con stock; renderer crea imagenes; share_plus abre el menu; usuario confirma estado.","Campanas usan productos, producto_imagenes y negocio_id; imagenes renderizadas se guardan en whatsapp_campaign_publications.","Texto maximo 30 caracteres; cupo se consume al abrir WhatsApp/share; confirmacion es manual.","lib/data/repositories/whatsapp_campaign_repository.dart; lib/data/services/whatsapp_status_campaign_service.dart; lib/data/services/whatsapp_status_image_renderer.dart; backend/src/FiadoApp.Api/Controllers/WhatsappCampaignsController.cs","whatsapp_campaign_publications; productos; producto_imagenes","WhatsappCampaignRepository; WhatsappStatusCampaignService; CloudWhatsappCampaignSyncService","POST /api/whatsapp-campaigns/sync/push; POST /api/whatsapp-campaigns/sync/pull","Seleccion productos -> render flyers -> share sheet -> confirmar -> guardar estado -> sync.","La app no controla publicacion real en WhatsApp.","Implementado local y sync.","No usa API oficial de WhatsApp."
"Sincronizacion automatica","AutoSyncService","Orquestacion","Tecnico","Ejecuta sincronizacion automatica con debounce, lock interno y deteccion de conexion.","Procesa modulos como clientes, productos, imagenes, movimientos, deuda_items, comprobantes, ciclos, auditorias, autorizaciones y campanas.","Consume sync_queue y servicios Cloud*SyncService; estado visible se resume para usuario.","No debe correr sin token/businessId cuando el modulo requiere cloud.","lib/data/services/auto_sync_service.dart; lib/data/services/cloud_*_sync_service.dart","sync_queue; sync_outbox; sync_state; tablas de dominio","AutoSyncService; Cloud*SyncService","Endpoints sync por modulo","Evento/cambio/conexion -> autosync -> push/pull por modulo -> estado actualizado.","Lock mal manejado puede causar procesos simultaneos o bloqueo.","Implementado.","La pantalla avanzada conserva diagnosticos."
"Sync queue legacy","sync_queue","Cola por entidad","Tecnico","Cola historica de cambios locales pendientes por entity_type/entity_id/operation/payload.","Repositorios escriben pending; servicios cloud especificos leen y marcan synced/failed.","Se relaciona con tablas sincronizables por entity_type; no tiene business_id propio.","Estados: pending, synced, updated, deleted, failed; attempts y last_error para diagnostico.","lib/data/repositories/sync_queue_repository.dart; lib/data/models/sync_queue_item_model.dart; lib/data/services/legacy_sync_queue_diagnostics.dart","sync_queue","SyncQueueRepository; LegacySyncQueueDiagnostics","Endpoints sync especificos por modulo","Cambio local -> insert sync_queue -> AutoSyncService procesa -> update status.","Errores failed persistentes y datos sin confirmar.","Activo por compatibilidad.","La UX normal oculta detalles tecnicos."
"Sync v2","sync_outbox","Outbox y state","Tecnico","Base nueva de sincronizacion generica por modulo, business_id y entity_uuid.","SyncOutboxRepository guarda operaciones; SyncEngine hace push/pull via SyncEndpointRegistry; SyncStateRepository conserva marcas.","sync_outbox se relaciona con modulos y entidades por UUID; sync_state resume por business_id + module.","Requiere token cloud, businessId y deviceId; no procesa si falta autenticacion.","lib/data/repositories/sync_outbox_repository.dart; lib/data/repositories/sync_state_repository.dart; lib/data/services/sync_engine.dart; lib/data/services/sync_endpoint_registry.dart","sync_outbox; sync_state","SyncEngine; SyncEndpointRegistry; SyncDeviceIdentityService","/api/sync/{module}/push; /api/sync/{module}/pull","Operacion local -> sync_outbox -> registry -> push -> pull -> sync_state.","Contratos incompatibles o envios duplicados si convive mal con sync_queue.","Implementado como base nueva.","DatabaseSchema v28 agrego estas tablas; version actual 29."
"Estados visibles de sincronizacion","Sync UX","Pantallas","Funcional","Muestra al usuario estados humanos: online, sincronizando, pendientes, ultima sync y errores amigables.","SyncStatusScreen usa diagnosticos y AutoSyncService; SyncAdvancedSettingsScreen conserva detalles tecnicos.","Combina sync_outbox, sync_queue, token, businessId, sessionVersion y errores recientes.","Pantalla normal no debe exponer JWT, payload ni endpoints.","lib/screens/sync_status_screen.dart; lib/screens/sync_advanced_settings_screen.dart; lib/data/repositories/sync_status_diagnostics_repository.dart; lib/widgets/sync_cloud_indicator.dart","sync_queue; sync_outbox; sync_state; sesiones","SyncUserStatus; SyncStatusDiagnosticsRepository; AutoSyncService","No aplica directo","Usuario toca sincronizar -> AutoSyncService -> pantalla actualiza estado.","Ocultar demasiado puede dificultar soporte; avanzada debe conservar diagnostico.","Implementado.","SYNC_UX_SIMPLIFICATION.md documenta el enfoque."
"Backend ASP.NET Core","API","Controladores","Tecnico","Backend REST con JWT, EF Core, SQL Server, CORS, Swagger en Development/StagingLocal y servicios por modulo.","Program.cs registra DbContext SQL Server, JWT, autorizacion, servicios, proveedores de pago y middleware de sesion activa.","Controllers delegan en servicios; FiadoDbContext contiene entidades cloud equivalentes a SQLite.","Produccion exige Jwt:Key fuerte; endpoints protegidos usan [Authorize]; health queda publico.","backend/src/FiadoApp.Api/Program.cs; backend/src/FiadoApp.Api/Controllers/*.cs; backend/src/FiadoApp.Api/Services/*.cs; backend/src/FiadoApp.Api/Data/FiadoDbContext.cs","Users; Businesses; Clients; Products; ProductImages; Movements; DebtItems; Receipts; CreditCycles; Audits; AuthorizationRequests; ClientScores; WhatsappCampaignPublications; Payments","IAuthService; IClientService; IProductService; IMovementService; IGenericSyncService; IPaymentService","/api/auth; /api/clients; /api/products; /api/movements; /api/receipts; /api/credit-cycles; /api/audits; /api/authorization-requests; /api/sync/{module}; /health","Flutter -> ApiClient -> controller -> service -> FiadoDbContext -> SQL Server.","Endpoints mal enrutados, CORS o session validation pueden romper clientes.","Implementado.","HealthController tiene /api/health y Program.cs tambien /health."
"SQLite local","Base de datos","Schema version 29","Tecnico","SQLite local es fuente principal offline-first con tablas declaradas en DatabaseSchema.","DatabaseHelper abre fiado_app.db, activa PRAGMA foreign_keys, crea tablas/indices y aplica migraciones no destructivas.","Tablas referencian usuarios/negocio_id, clientes, productos, movimientos y colas sync.","Downgrade destructivo bloqueado; migraciones agregan columnas si faltan y hacen backfill defensivo.","lib/core/database/database_schema.dart; lib/core/database/database_helper.dart; test/database_helper_test.dart","clientes; movimientos; pagos; productos; usuarios; sesiones; subscriptions; solicitudes_autorizacion; auditorias; auditoria_items; producto_imagenes; deuda_items; comprobantes; credito_ciclos; credito_ciclo_movimientos; credito_recordatorios; credito_excepciones; client_scores; inventory_product_metrics; business_recommendations_cache; user_onboarding; whatsapp_campaign_publications; sync_queue; sync_outbox; sync_state","DatabaseHelper; LocalDatabase","No aplica","Inicio app -> initialize -> onCreate/onUpgrade/onOpen -> repositorios usan db.","Migraciones SQLite fallidas en dispositivos existentes.","Implementado.","Version actual leida en codigo: 29."
"SQL Server/backend cloud","Persistencia cloud","EF Core","Tecnico","SQL Server guarda entidades cloud para autenticacion, negocio, sync y pagos.","FiadoDbContext define DbSet e indices; migraciones EF registran evolucion del modelo.","Entidades cloud replican modulo local con BusinessId y RemoteId/LocalId para mapeo.","BusinessId sale del JWT; indices por BusinessId + UpdatedAt/DeletedAt soportan pull incremental.","backend/src/FiadoApp.Api/Data/FiadoDbContext.cs; backend/src/FiadoApp.Api/Migrations/*.cs","Users; Businesses; Clients; Products; ProductImages; Movements; DebtItems; Receipts; CreditCycles; CreditReminders; CreditExceptions; Audits; AuditItems; AuthorizationRequests; ClientScores; WhatsappCampaignPublications; SyncLogs; Payment*","EF Core DbContext; servicios backend","Todos los controllers protegidos salvo health/auth segun endpoint","Sync push/pull escribe/lee SQL Server y devuelve serverTime/resultados.","Migracion pendiente o modelo distinto entre StagingLocal y codigo.","Implementado con migraciones.","Program.cs valida columnas de sesion en StagingLocal."
"Migraciones","SQLite","Evolucion local","Tecnico","Migraciones locales cubren versiones 2 a 29.","onUpgrade agrega tablas, columnas, indices y backfills: productos, usuarios, solicitudes, auditorias, sync, imagenes, items, comprobantes, negocio_id, ciclos, onboarding, scores, metricas, recomendaciones e idempotencia.","Conectan tablas legacy con negocio_id, cliente_id, uuid, remote_id, sync_status y local_uuid.","No borrar migraciones; agregar columnas con _addColumnIfMissing.","lib/core/database/database_helper.dart; lib/core/database/database_schema.dart","Todas SQLite","DatabaseHelper","No aplica","Actualizar app -> onUpgrade -> backfill -> app continua.","Cuelgue o error startup si migracion asume columnas inexistentes.","Implementado.","Logs startup ayudan a diagnostico."
"Migraciones","Backend","EF Core migrations","Tecnico","Migraciones backend mantienen SQL Server alineado con entidades EF.","Archivos Migrations incluyen InitialCreate, sync fields, pagos, scores, trial, session columns, performance indexes e imagenes.","Afectan DbSet cloud y contratos de sync.","Aplicar migraciones antes de usar endpoints nuevos.","backend/src/FiadoApp.Api/Migrations/*.cs; tools/scripts/diagnose_ef_pending_model_changes.ps1; tools/scripts/repair_staginglocal_single_active_session_columns.ps1","SQL Server dbo.*","dotnet ef; FiadoDbContext","No aplica","Cambio modelo -> migration -> apply DB -> backend valida columnas.","Pending model changes o columnas session faltantes.","Implementado.","Scripts de diagnostico disponibles."
"Multi-negocio","Aislamiento","negocio_id/businessId","Regla critica","Cada negocio debe ver y modificar solo sus propios datos.","SQLite usa negocio_id; backend usa BusinessId desde JWT.","Colaborador hereda negocio_id; Personal queda fuera de datos internos; remote_id no reemplaza negocio_id.","Filtros por negocio_id obligatorios; productos no globales; telefono unico dentro del negocio.","ARCHITECTURE.md; MULTI_BUSINESS_ISOLATION_AUDIT.md; lib/data/repositories/*; backend/src/FiadoApp.Api/Data/FiadoDbContext.cs","clientes; productos; movimientos; producto_imagenes; deuda_items; comprobantes; auditorias; solicitudes_autorizacion; whatsapp_campaign_publications","currentBusinessIdProvider; repositorios por negocio; servicios backend","Todos los endpoints protegidos toman businessId del JWT","Login -> negocio activo -> consultas con negocio_id -> sync filtra BusinessId.","Fuga o duplicado si una consulta omite negocio_id.","Implementado con auditoria previa.","Riesgo critico."
"Manejo offline-first","Operacion sin conexion","Persistencia local","Arquitectura","La app debe funcionar localmente aunque backend no este disponible.","Repositorios escriben SQLite y encolan pendientes; AutoSyncService reintenta cuando hay conexion y sesion.","Cada modulo sincronizable conserva sync_status, remote_id, last_synced_at y cola.","No bloquear CRUD local por falla cloud salvo reglas de acceso/suscripcion que correspondan.","OFFLINE_FIRST_QA.md; OFFLINE_FIRST_RECOVERY_REPORT.md; lib/data/services/auto_sync_service.dart","sync_queue; sync_outbox; sync_state; tablas de dominio","AutoSyncService; SyncEngine; SyncQueueRepository","Endpoints sync por modulo","Offline -> cambios pending -> online -> push/pull -> synced.","Datos locales sin confirmar y divergencia entre dispositivos.","Implementado.","La UX simplifica estado."
"Procesos criticos","Creacion","Alta de registros","Proceso","Crear registros debe escribir SQLite, calcular relaciones y encolar sync.","Repositorios insertan entidad con negocio_id, timestamps, sync_status y payload de cola.","Clientes, productos, movimientos, items, comprobantes y campanas comparten patron.","Validar datos obligatorios y duplicados antes de insertar.","lib/data/repositories/*.dart","clientes; productos; movimientos; deuda_items; comprobantes; sync_queue; sync_outbox","Repositorios locales","POST endpoints o sync push segun modulo","Formulario -> validacion -> insert -> cola -> UI refresh.","Duplicados y datos incompletos si falta validacion.","Implementado por modulo.","Patron general deducido."
"Procesos criticos","Edicion","Actualizacion","Proceso","Editar debe preservar identidad local/remota y marcar registro como updated/pending.","Repositorios actualizan updated_at, sync_status y cola; colaboradores pueden requerir solicitud.","Afecta remote_id, sync_version, local_uuid y relaciones por id estable.","No cambiar cliente_id ni producto_id al editar campos descriptivos.","lib/data/repositories/*.dart; lib/data/repositories/solicitud_autorizacion_repository.dart","clientes; productos; movimientos; solicitudes_autorizacion","Repositorios; SyncQueueRepository","PUT endpoints o sync push","Editar -> validar permisos -> update SQLite -> cola -> sync.","Perdida de identidad si se reemplaza registro en vez de actualizar.","Implementado.","Permisos finos requieren vigilancia."
"Procesos criticos","Eliminacion","Soft delete","Proceso","Las entidades sincronizables usan baja logica para propagar eliminaciones.","Campos is_active/activo/deleted_at/sync_status ocultan localmente y envian deleted al backend.","Clientes, productos, movimientos, imagenes, comprobantes, auditorias y solicitudes tienen campos de baja.","No borrar fisicamente si debe sincronizarse; conservar remote_id.","lib/core/database/database_schema.dart; repositorios por entidad","clientes; productos; movimientos; producto_imagenes; deuda_items; comprobantes; auditorias; solicitudes_autorizacion","Repositorios locales; SyncQueueRepository","sync push por modulo","Eliminar/desactivar -> deleted_at/is_active -> cola -> backend -> pull.","Borrado irreversible antes de sync.","Implementado parcialmente por entidad.","Pagos legacy tiene menor cobertura de baja."
"Procesos criticos","Sincronizacion","Confirmacion cloud","Proceso","Confirmar cambios locales en cloud y recuperar cambios remotos.","Servicios cloud envian payloads, aplican remote_id, registran last_synced_at y actualizan sync_state.","Depende de JWT, businessId, deviceId, colas y mappers.","No marcar synced si backend devolvio error por item.","lib/data/services/cloud_*_sync_service.dart; lib/data/services/sync_engine.dart","sync_queue; sync_outbox; sync_state","Cloud*SyncService; SyncEngine","sync endpoints","pending -> push -> result -> update -> pull.","Datos sin confirmar si se marca success incorrectamente.","Implementado.","Usar diagnostics para errores."
"Reportes e inteligencia","Client Score","Riesgo de cliente","Analitica","Calcula score deterministico de clientes y reportes top/riesgo.","ClientScoreService local calcula snapshots desde movimientos, pagos y ciclos; guarda client_scores y sincroniza.","ClientScores se relaciona con clientes, ciclos y negocio.","Personal no accede a scores internos.","lib/credit_scoring/*; lib/screens/client_score_screen.dart; backend/src/FiadoApp.Api/Controllers/ClientScoresController.cs","client_scores; clientes; movimientos; credito_ciclos","ClientScoreService; CloudClientScoreSyncService","GET /api/client-scores; /top; /risk; /client/{clientId}; POST /api/client-scores/sync/*","Calcular score -> guardar snapshot -> reportes -> sync.","Score obsoleto si base no esta actualizada.","Implementado.","No usa IA externa."
"Reportes e inteligencia","Cobranza inteligente","Prioridad de cobro","Analitica","Agrupa cartera por prioridad y sugiere acciones de cobranza.","CollectionsIntelligenceService calcula insights desde SQLite y puede abrir WhatsApp con mensaje preparado.","Usa clientes, credito_ciclos, movimientos y client_scores.","No sincroniza CollectionInsight ni envia mensajes automaticamente.","lib/collections_intelligence/*; lib/screens/collections_intelligence_screen.dart","clientes; credito_ciclos; movimientos; client_scores","CollectionsIntelligenceService; CollectionMessageService","No hay endpoint especifico","Recalculo local -> pantalla -> accion manual.","Datos atrasados si sync/pagos pendientes no estan al dia.","Implementado local.","Deterministico offline."
"Reportes e inteligencia","Business Copilot","Recomendaciones","Analitica","Centro local de recomendaciones para negocio basado en datos operativos.","BusinessCopilotService consume cobranza, inventario, scores, ciclos, auditorias, solicitudes y suscripcion; cachea recomendaciones.","Usa business_recommendations_cache y datos derivados.","No usa IA externa ni OpenAI; recomendaciones son deterministicas.","lib/business_copilot/*; lib/screens/business_copilot_screen.dart","business_recommendations_cache; clientes; productos; auditorias; solicitudes_autorizacion; subscriptions","BusinessCopilotService","No hay endpoint especifico","Recalcular -> cache -> dashboard muestra recomendaciones.","Recomendacion obsoleta si cache no expira.","Implementado local.","Orientado a Negocio."
"Contratos y pruebas","JSON","camelCase snake_case","Tecnico","La app transforma columnas SQLite snake_case a contratos backend camelCase.","Modelos, mappers y Cloud*SyncService arman request/response; DataContractRegistry valida contratos seleccionados.","remote_id/serverId/localId/businessId cruzan capas.","Cambios de contrato requieren tests, DTOs y mappers actualizados.","lib/data/contracts/data_contract_registry.dart; backend/src/FiadoApp.Api/DTOs/*.cs; test/data_contract_registry_test.dart","Todas las tablas sincronizadas","DataContractValidator; Cloud*SyncService","Todos los sync endpoints","SQLite row -> model -> request DTO -> backend DTO -> response -> SQLite.","Campos ignorados, nulos o mal tipados.","Hay pruebas de contrato.","Riesgo explicitado por el usuario."
"Archivos analizados","Frontend Flutter","Inventario","Documentacion","Se revisaron areas clave de arquitectura, esquema, repositorios, servicios, pantallas, providers, tests y documentos QA.","El manual se baso en ARCHITECTURE.md, API_CONTRACTS.md, DatabaseSchema, DatabaseHelper, listado de lib/data/lib/screens/test/tools y fuentes relevantes.","Cubre relaciones detectadas por tablas, providers, servicios y endpoints.","No inventar archivos: rutas listadas existen segun el arbol del proyecto o lecturas directas.","ARCHITECTURE.md; API_CONTRACTS.md; lib/core/database/*; lib/data/repositories/*; lib/data/services/*; lib/screens/*; lib/presentation/providers/*; test/*","Todas las tablas del schema","Repositorios y servicios por modulo","Controllers backend listados","Analisis estatico -> manual CSV -> resumen MD.","Limitacion: no se ejecuto la app ni backend.","Completado.","Se evitaron cambios funcionales."
"Archivos analizados","Backend","Inventario","Documentacion","Se reviso backend ASP.NET Core: controllers, Program, DbContext, DTOs, services, migrations y pagos.","Los endpoints se documentaron desde atributos HttpGet/Post/Put y rutas de controllers.","DbContext confirma entidades e indices por BusinessId; Program confirma JWT, CORS, DI y session validation.","Endpoints protegidos requieren JWT salvo health/auth segun endpoint.","backend/src/FiadoApp.Api/Controllers/*.cs; backend/src/FiadoApp.Api/Services/*.cs; backend/src/FiadoApp.Api/DTOs/*.cs; backend/src/FiadoApp.Api/Migrations/*.cs; backend/src/FiadoApp.Api/Payments/*","SQL Server entidades FiadoDbContext","Servicios backend I*Service","/api/*","Controller -> service -> EF Core -> SQL Server.","Limitacion: no se inspecciono linea por linea cada metodo interno.","Completado.","Nivel suficiente para manual tecnico/funcional."
"Flujos principales","Auth/Suscripcion","Registro de negocio","Flujo","Flujo principal: Registro de negocio.","Usuario elige tipo Negocio, crea usuario/negocio, activa trial o suscripcion inicial y abre dashboard.","Relaciones principales: usuarios; subscriptions; Businesses; Subscriptions.","Debe respetar rol, negocio_id/businessId, escritura SQLite primero y sincronizacion posterior cuando aplique.","lib/screens/register_screen.dart; lib/data/repositories/auth_repository.dart; lib/data/services/cloud_auth_service.dart","usuarios; subscriptions; Businesses; Subscriptions","Providers/repositorios/servicios relacionados al modulo","/api/auth/register/business; /api/subscriptions/activate-trial","Usuario elige tipo Negocio, crea usuario/negocio, activa trial o suscripcion inicial y abre dashboard.","Validar datos, permisos, idempotencia y estado de sincronizacion.","Documentado desde codigo y arquitectura.","Si una parte se deduce por arquitectura, se indica por el patron offline-first del repo."
"Flujos principales","Auth","Login de negocio","Flujo","Flujo principal: Login de negocio.","Telefono/password crean sesion local, guardan JWT/businessId/sessionVersion y validan suscripcion.","Relaciones principales: usuarios; sesiones; subscriptions.","Debe respetar rol, negocio_id/businessId, escritura SQLite primero y sincronizacion posterior cuando aplique.","lib/screens/login_screen.dart; lib/data/services/cloud_auth_service.dart","usuarios; sesiones; subscriptions","Providers/repositorios/servicios relacionados al modulo","/api/auth/login; /api/auth/me; /api/subscriptions/status","Telefono/password crean sesion local, guardan JWT/businessId/sessionVersion y validan suscripcion.","Validar datos, permisos, idempotencia y estado de sincronizacion.","Documentado desde codigo y arquitectura.","Si una parte se deduce por arquitectura, se indica por el patron offline-first del repo."
"Flujos principales","Clientes","Registro de cliente","Flujo","Flujo principal: Registro de cliente.","Formulario guarda cliente con negocio_id, uuid y sync_status; luego sincroniza con clientes cloud.","Relaciones principales: clientes; sync_queue.","Debe respetar rol, negocio_id/businessId, escritura SQLite primero y sincronizacion posterior cuando aplique.","lib/screens/clientes_screen.dart; lib/data/repositories/cliente_repository.dart","clientes; sync_queue","Providers/repositorios/servicios relacionados al modulo","/api/clients/sync/push; /api/clients/sync/pull","Formulario guarda cliente con negocio_id, uuid y sync_status; luego sincroniza con clientes cloud.","Validar datos, permisos, idempotencia y estado de sincronizacion.","Documentado desde codigo y arquitectura.","Si una parte se deduce por arquitectura, se indica por el patron offline-first del repo."
"Flujos principales","Deudas","Crear deuda simple","Flujo","Flujo principal: Crear deuda simple.","Crea movimiento tipo deuda, actualiza saldo/ciclo y encola sincronizacion.","Relaciones principales: movimientos; clientes; credito_ciclos; comprobantes.","Debe respetar rol, negocio_id/businessId, escritura SQLite primero y sincronizacion posterior cuando aplique.","lib/data/repositories/movimiento_repository.dart","movimientos; clientes; credito_ciclos; comprobantes","Providers/repositorios/servicios relacionados al modulo","/api/movements/sync/push","Crea movimiento tipo deuda, actualiza saldo/ciclo y encola sincronizacion.","Validar datos, permisos, idempotencia y estado de sincronizacion.","Documentado desde codigo y arquitectura.","Si una parte se deduce por arquitectura, se indica por el patron offline-first del repo."
"Flujos principales","Deudas/Inventario","Crear deuda con productos","Flujo","Flujo principal: Crear deuda con productos.","Selecciona articulos, crea movimiento y deuda_items, descuenta stock y genera comprobante.","Relaciones principales: movimientos; deuda_items; productos; comprobantes.","Debe respetar rol, negocio_id/businessId, escritura SQLite primero y sincronizacion posterior cuando aplique.","lib/screens/widgets/agregar_deuda_dialog.dart; lib/data/repositories/deuda_item_repository.dart","movimientos; deuda_items; productos; comprobantes","Providers/repositorios/servicios relacionados al modulo","/api/movements/sync/push; /api/debt-items/sync/push","Selecciona articulos, crea movimiento y deuda_items, descuenta stock y genera comprobante.","Validar datos, permisos, idempotencia y estado de sincronizacion.","Documentado desde codigo y arquitectura.","Si una parte se deduce por arquitectura, se indica por el patron offline-first del repo."
"Flujos principales","Pagos","Registrar pago","Flujo","Flujo principal: Registrar pago.","Crea movimiento tipo pago, reduce el ciclo mas viejo, actualiza saldo y genera comprobante.","Relaciones principales: movimientos; credito_ciclos; comprobantes.","Debe respetar rol, negocio_id/businessId, escritura SQLite primero y sincronizacion posterior cuando aplique.","lib/data/repositories/movimiento_repository.dart; lib/data/repositories/credito_ciclo_repository.dart","movimientos; credito_ciclos; comprobantes","Providers/repositorios/servicios relacionados al modulo","/api/movements/sync/push; /api/receipts/sync/push","Crea movimiento tipo pago, reduce el ciclo mas viejo, actualiza saldo y genera comprobante.","Validar datos, permisos, idempotencia y estado de sincronizacion.","Documentado desde codigo y arquitectura.","Si una parte se deduce por arquitectura, se indica por el patron offline-first del repo."
"Flujos principales","Inventario","Crear producto","Flujo","Flujo principal: Crear producto.","Guarda producto por negocio con costo, precio, margen, stock, codigo y ubicacion.","Relaciones principales: productos; sync_queue.","Debe respetar rol, negocio_id/businessId, escritura SQLite primero y sincronizacion posterior cuando aplique.","lib/screens/inventario_screen.dart; lib/data/repositories/producto_repository.dart","productos; sync_queue","Providers/repositorios/servicios relacionados al modulo","/api/products/sync/push","Guarda producto por negocio con costo, precio, margen, stock, codigo y ubicacion.","Validar datos, permisos, idempotencia y estado de sincronizacion.","Documentado desde codigo y arquitectura.","Si una parte se deduce por arquitectura, se indica por el patron offline-first del repo."
"Flujos principales","Inventario","Agregar imagen a producto","Flujo","Flujo principal: Agregar imagen a producto.","Optimiza imagen, guarda local_path y metadata, muestra miniatura y sincroniza metadata/contenido.","Relaciones principales: producto_imagenes; productos.","Debe respetar rol, negocio_id/businessId, escritura SQLite primero y sincronizacion posterior cuando aplique.","lib/data/repositories/producto_imagen_repository.dart; lib/data/services/product_image_optimizer_service.dart","producto_imagenes; productos","Providers/repositorios/servicios relacionados al modulo","/api/products/images/sync/push; /api/sync/inventory/images/content/push","Optimiza imagen, guarda local_path y metadata, muestra miniatura y sincroniza metadata/contenido.","Validar datos, permisos, idempotencia y estado de sincronizacion.","Documentado desde codigo y arquitectura.","Si una parte se deduce por arquitectura, se indica por el patron offline-first del repo."
"Flujos principales","Inventario","Ajuste de inventario","Flujo","Flujo principal: Ajuste de inventario.","Edita cantidad/costo/precio; productos quedan updated y metricas dirty; colaborador puede requerir autorizacion.","Relaciones principales: productos; inventory_product_metrics; solicitudes_autorizacion.","Debe respetar rol, negocio_id/businessId, escritura SQLite primero y sincronizacion posterior cuando aplique.","lib/data/repositories/producto_repository.dart; lib/data/repositories/inventory_product_metrics_repository.dart","productos; inventory_product_metrics; solicitudes_autorizacion","Providers/repositorios/servicios relacionados al modulo","/api/products/sync/push","Edita cantidad/costo/precio; productos quedan updated y metricas dirty; colaborador puede requerir autorizacion.","Validar datos, permisos, idempotencia y estado de sincronizacion.","Documentado desde codigo y arquitectura.","Si una parte se deduce por arquitectura, se indica por el patron offline-first del repo."
"Flujos principales","Colaboradores","Solicitud de autorizacion de colaborador","Flujo","Flujo principal: Solicitud de autorizacion de colaborador.","Colaborador intenta cambio sensible; se guarda solicitud con datos antes/despues para decision del negocio.","Relaciones principales: solicitudes_autorizacion; usuarios; productos.","Debe respetar rol, negocio_id/businessId, escritura SQLite primero y sincronizacion posterior cuando aplique.","lib/data/repositories/solicitud_autorizacion_repository.dart","solicitudes_autorizacion; usuarios; productos","Providers/repositorios/servicios relacionados al modulo","/api/authorization-requests/sync/push; /api/authorization-requests/{id}/approve","Colaborador intenta cambio sensible; se guarda solicitud con datos antes/despues para decision del negocio.","Validar datos, permisos, idempotencia y estado de sincronizacion.","Documentado desde codigo y arquitectura.","Si una parte se deduce por arquitectura, se indica por el patron offline-first del repo."
"Flujos principales","Auditorias","Auditoria diaria","Flujo","Flujo principal: Auditoria diaria.","Crea auditoria diaria, registra stock fisico por item, finaliza y sincroniza.","Relaciones principales: auditorias; auditoria_items; productos.","Debe respetar rol, negocio_id/businessId, escritura SQLite primero y sincronizacion posterior cuando aplique.","lib/screens/auditoria_screen.dart; lib/data/repositories/auditoria_repository.dart","auditorias; auditoria_items; productos","Providers/repositorios/servicios relacionados al modulo","/api/audits/sync/push; /api/audit-items/sync/push","Crea auditoria diaria, registra stock fisico por item, finaliza y sincroniza.","Validar datos, permisos, idempotencia y estado de sincronizacion.","Documentado desde codigo y arquitectura.","Si una parte se deduce por arquitectura, se indica por el patron offline-first del repo."
"Flujos principales","Auditorias","Auditoria semanal","Flujo","Flujo principal: Auditoria semanal.","Si la semana no esta completada, crea auditoria semanal y reporta diferencias.","Relaciones principales: auditorias; auditoria_items.","Debe respetar rol, negocio_id/businessId, escritura SQLite primero y sincronizacion posterior cuando aplique.","lib/screens/inventario_screen.dart; lib/screens/auditoria_reportes_screen.dart","auditorias; auditoria_items","Providers/repositorios/servicios relacionados al modulo","/api/audits/business/report","Si la semana no esta completada, crea auditoria semanal y reporta diferencias.","Validar datos, permisos, idempotencia y estado de sincronizacion.","Documentado desde codigo y arquitectura.","Si una parte se deduce por arquitectura, se indica por el patron offline-first del repo."
"Flujos principales","Comprobantes","Generacion de comprobante PDF","Flujo","Flujo principal: Generacion de comprobante PDF.","Guarda payload y saldos; genera PDF para imprimir o compartir.","Relaciones principales: comprobantes; movimientos; deuda_items.","Debe respetar rol, negocio_id/businessId, escritura SQLite primero y sincronizacion posterior cuando aplique.","lib/data/services/comprobante_pdf_service.dart; lib/screens/comprobante_screen.dart","comprobantes; movimientos; deuda_items","Providers/repositorios/servicios relacionados al modulo","/api/receipts/sync/push","Guarda payload y saldos; genera PDF para imprimir o compartir.","Validar datos, permisos, idempotencia y estado de sincronizacion.","Documentado desde codigo y arquitectura.","Si una parte se deduce por arquitectura, se indica por el patron offline-first del repo."
"Flujos principales","Campanas","Publicacion de campana WhatsApp","Flujo","Flujo principal: Publicacion de campana WhatsApp.","Selecciona productos, renderiza flyers, abre share sheet y registra confirmacion manual.","Relaciones principales: whatsapp_campaign_publications; productos; producto_imagenes.","Debe respetar rol, negocio_id/businessId, escritura SQLite primero y sincronizacion posterior cuando aplique.","lib/screens/create_whatsapp_campaign_screen.dart; lib/data/services/whatsapp_status_campaign_service.dart","whatsapp_campaign_publications; productos; producto_imagenes","Providers/repositorios/servicios relacionados al modulo","/api/whatsapp-campaigns/sync/push","Selecciona productos, renderiza flyers, abre share sheet y registra confirmacion manual.","Validar datos, permisos, idempotencia y estado de sincronizacion.","Documentado desde codigo y arquitectura.","Si una parte se deduce por arquitectura, se indica por el patron offline-first del repo."
"Flujos principales","Sync","Sincronizacion automatica","Flujo","Flujo principal: Sincronizacion automatica.","AutoSyncService procesa pendientes por modulo, hace push/pull y actualiza estados visibles.","Relaciones principales: sync_queue; sync_outbox; sync_state.","Debe respetar rol, negocio_id/businessId, escritura SQLite primero y sincronizacion posterior cuando aplique.","lib/data/services/auto_sync_service.dart; lib/data/services/sync_engine.dart","sync_queue; sync_outbox; sync_state","Providers/repositorios/servicios relacionados al modulo","/api/*/sync/*; /api/sync/{module}/*","AutoSyncService procesa pendientes por modulo, hace push/pull y actualiza estados visibles.","Validar datos, permisos, idempotencia y estado de sincronizacion.","Documentado desde codigo y arquitectura.","Si una parte se deduce por arquitectura, se indica por el patron offline-first del repo."
"Flujos principales","Auth","Inicio de sesion en segundo dispositivo","Flujo","Flujo principal: Inicio de sesion en segundo dispositivo.","Nuevo login cloud actualiza ActiveDeviceId/sessionVersion; dispositivo anterior queda sujeto a SESSION_REPLACED.","Relaciones principales: Users; sesiones.","Debe respetar rol, negocio_id/businessId, escritura SQLite primero y sincronizacion posterior cuando aplique.","lib/data/services/cloud_auth_service.dart; backend/src/FiadoApp.Api/Services/AuthService.cs","Users; sesiones","Providers/repositorios/servicios relacionados al modulo","/api/auth/login","Nuevo login cloud actualiza ActiveDeviceId/sessionVersion; dispositivo anterior queda sujeto a SESSION_REPLACED.","Validar datos, permisos, idempotencia y estado de sincronizacion.","Documentado desde codigo y arquitectura.","Si una parte se deduce por arquitectura, se indica por el patron offline-first del repo."
"Flujos principales","Auth","Invalidacion de sesion anterior si aplica","Flujo","Flujo principal: Invalidacion de sesion anterior si aplica.","Middleware backend detecta token reemplazado y responde 401 SESSION_REPLACED.","Relaciones principales: Users; sesiones.","Debe respetar rol, negocio_id/businessId, escritura SQLite primero y sincronizacion posterior cuando aplique.","backend/src/FiadoApp.Api/Program.cs; test/session_replaced_status_test.dart","Users; sesiones","Providers/repositorios/servicios relacionados al modulo","Cualquier endpoint protegido","Middleware backend detecta token reemplazado y responde 401 SESSION_REPLACED.","Validar datos, permisos, idempotencia y estado de sincronizacion.","Documentado desde codigo y arquitectura.","Si una parte se deduce por arquitectura, se indica por el patron offline-first del repo."
"Riesgos y puntos criticos","Perdida de datos por sincronizacion incorrecta","Riesgo operativo/tecnico","Riesgo","Perdida de datos por sincronizacion incorrecta","No marcar synced si backend fallo; conservar local hasta confirmar.","Afecta: sync_queue; sync_outbox; sync_state.","Debe incluirse en QA y revisiones antes de releases.","lib/data/services/cloud_*_sync_service.dart","sync_queue; sync_outbox; sync_state","Servicios/repositorios segun modulo afectado","Endpoints relacionados segun modulo","Detectar -> diagnosticar -> corregir -> validar regresion.","Perdida de datos por sincronizacion incorrecta","Riesgo activo a vigilar.","Incluido por requerimiento y por evidencia del repo."
"Riesgos y puntos criticos","Duplicados por negocio","Riesgo operativo/tecnico","Riesgo","Duplicados por negocio","Comparar telefono, codigo, remote_id y uuid junto a negocio_id/businessId.","Afecta: clientes; productos; client_scores.","Debe incluirse en QA y revisiones antes de releases.","MULTI_BUSINESS_ISOLATION_AUDIT.md; FiadoDbContext.cs","clientes; productos; client_scores","Servicios/repositorios segun modulo afectado","Endpoints relacionados segun modulo","Detectar -> diagnosticar -> corregir -> validar regresion.","Duplicados por negocio","Riesgo activo a vigilar.","Incluido por requerimiento y por evidencia del repo."
"Riesgos y puntos criticos","Divergencia entre dispositivos","Riesgo operativo/tecnico","Riesgo","Divergencia entre dispositivos","Validar push/pull incremental y restauracion inicial en segundo dispositivo.","Afecta: sync_state; tablas sync.","Debe incluirse en QA y revisiones antes de releases.","test/cloud_client_initial_restore_test.dart; test/client_sync_v2_test.dart","sync_state; tablas sync","Servicios/repositorios segun modulo afectado","Endpoints relacionados segun modulo","Detectar -> diagnosticar -> corregir -> validar regresion.","Divergencia entre dispositivos","Riesgo activo a vigilar.","Incluido por requerimiento y por evidencia del repo."
"Riesgos y puntos criticos","Errores legacy persistentes","Riesgo operativo/tecnico","Riesgo","Errores legacy persistentes","Diagnosticar sync_queue failed y evitar que errores viejos oculten estado real.","Afecta: sync_queue.","Debe incluirse en QA y revisiones antes de releases.","lib/data/services/legacy_sync_queue_diagnostics.dart","sync_queue","Servicios/repositorios segun modulo afectado","Endpoints relacionados segun modulo","Detectar -> diagnosticar -> corregir -> validar regresion.","Errores legacy persistentes","Riesgo activo a vigilar.","Incluido por requerimiento y por evidencia del repo."
"Riesgos y puntos criticos","Fallos por endpoints mal enrutados","Riesgo operativo/tecnico","Riesgo","Fallos por endpoints mal enrutados","Centralizar rutas en registry y probar inventory/images, inventory_images, /health y /api/health.","Afecta: No aplica.","Debe incluirse en QA y revisiones antes de releases.","lib/data/services/sync_endpoint_registry.dart; InventoryImagesSyncController.cs","No aplica","Servicios/repositorios segun modulo afectado","Endpoints relacionados segun modulo","Detectar -> diagnosticar -> corregir -> validar regresion.","Fallos por endpoints mal enrutados","Riesgo activo a vigilar.","Incluido por requerimiento y por evidencia del repo."
"Riesgos y puntos criticos","Contratos JSON camelCase/snake_case","Riesgo operativo/tecnico","Riesgo","Contratos JSON camelCase/snake_case","Actualizar DTOs, mappers y tests al cambiar campos.","Afecta: Todas sync.","Debe incluirse en QA y revisiones antes de releases.","lib/data/contracts/data_contract_registry.dart; backend/src/FiadoApp.Api/DTOs/*.cs","Todas sync","Servicios/repositorios segun modulo afectado","Endpoints relacionados segun modulo","Detectar -> diagnosticar -> corregir -> validar regresion.","Contratos JSON camelCase/snake_case","Riesgo activo a vigilar.","Incluido por requerimiento y por evidencia del repo."
"Riesgos y puntos criticos","Datos locales sin confirmar en cloud","Riesgo operativo/tecnico","Riesgo","Datos locales sin confirmar en cloud","Mostrar pendientes y reintentar; no bloquear operacion local sin razon.","Afecta: sync_queue; sync_outbox.","Debe incluirse en QA y revisiones antes de releases.","lib/screens/sync_status_screen.dart","sync_queue; sync_outbox","Servicios/repositorios segun modulo afectado","Endpoints relacionados segun modulo","Detectar -> diagnosticar -> corregir -> validar regresion.","Datos locales sin confirmar en cloud","Riesgo activo a vigilar.","Incluido por requerimiento y por evidencia del repo."
"Riesgos y puntos criticos","Colaboradores con permisos indebidos","Riesgo operativo/tecnico","Riesgo","Colaboradores con permisos indebidos","Validar permisos en UI, repositorios y backend.","Afecta: usuarios; solicitudes_autorizacion.","Debe incluirse en QA y revisiones antes de releases.","lib/core/permissions; solicitud_autorizacion_repository.dart","usuarios; solicitudes_autorizacion","Servicios/repositorios segun modulo afectado","Endpoints relacionados segun modulo","Detectar -> diagnosticar -> corregir -> validar regresion.","Colaboradores con permisos indebidos","Riesgo activo a vigilar.","Incluido por requerimiento y por evidencia del repo."
"Riesgos y puntos criticos","Productos sin precio al crear deuda","Riesgo operativo/tecnico","Riesgo","Productos sin precio al crear deuda","Validar precio_unitario y subtotal antes de guardar deuda_items.","Afecta: productos; deuda_items.","Debe incluirse en QA y revisiones antes de releases.","lib/data/repositories/billable_product_query.dart","productos; deuda_items","Servicios/repositorios segun modulo afectado","Endpoints relacionados segun modulo","Detectar -> diagnosticar -> corregir -> validar regresion.","Productos sin precio al crear deuda","Riesgo activo a vigilar.","Incluido por requerimiento y por evidencia del repo."
"Riesgos y puntos criticos","Problemas de migraciones SQLite","Riesgo operativo/tecnico","Riesgo","Problemas de migraciones SQLite","Usar _addColumnIfMissing, backfills defensivos y pruebas con DB vieja.","Afecta: Todas SQLite.","Debe incluirse en QA y revisiones antes de releases.","lib/core/database/database_helper.dart","Todas SQLite","Servicios/repositorios segun modulo afectado","Endpoints relacionados segun modulo","Detectar -> diagnosticar -> corregir -> validar regresion.","Problemas de migraciones SQLite","Riesgo activo a vigilar.","Incluido por requerimiento y por evidencia del repo."
"Riesgos y puntos criticos","Cuelgues de comandos Flutter/Dart","Riesgo operativo/tecnico","Riesgo","Cuelgues de comandos Flutter/Dart","Usar scripts con timeout y limpiar procesos solo cuando sea necesario.","Afecta: No aplica.","Debe incluirse en QA y revisiones antes de releases.","tools/scripts/run_with_timeout.ps1; STARTUP_RUNTIME_FIX_REPORT.md","No aplica","Servicios/repositorios segun modulo afectado","Endpoints relacionados segun modulo","Detectar -> diagnosticar -> corregir -> validar regresion.","Cuelgues de comandos Flutter/Dart","Riesgo activo a vigilar.","Incluido por requerimiento y por evidencia del repo."
"Checklist de validacion QA","Autenticacion por rol","Prueba recomendada","QA","Validacion QA: Autenticacion por rol.","Registrar Personal, Negocio y Colaborador; probar login, logout, timeout y segundo dispositivo.","Tablas/areas: usuarios; sesiones; subscriptions.","Ejecutar con al menos dos roles y, para sync, con dos dispositivos o bases locales.","test/*.dart; test/regression/*.dart; tools/qa/*.dart; MOBILE_QA_CHECKLIST.md; CLOUD_SYNC_QA_CHECKLIST.md","usuarios; sesiones; subscriptions","Repositorios, providers y servicios del modulo","Endpoints del modulo cuando aplique","Preparar datos -> ejecutar flujo -> revisar UI -> revisar SQLite/cloud -> registrar resultado.","No cubrir estos casos aumenta riesgo de regresion funcional.","Recomendado.","No se ejecutaron pruebas porque esta tarea solo crea documentacion."
"Checklist de validacion QA","Clientes","Prueba recomendada","QA","Validacion QA: Clientes.","Crear, editar, eliminar logicamente y sincronizar clientes; validar telefono unico por negocio.","Tablas/areas: clientes.","Ejecutar con al menos dos roles y, para sync, con dos dispositivos o bases locales.","test/*.dart; test/regression/*.dart; tools/qa/*.dart; MOBILE_QA_CHECKLIST.md; CLOUD_SYNC_QA_CHECKLIST.md","clientes","Repositorios, providers y servicios del modulo","Endpoints del modulo cuando aplique","Preparar datos -> ejecutar flujo -> revisar UI -> revisar SQLite/cloud -> registrar resultado.","No cubrir estos casos aumenta riesgo de regresion funcional.","Recomendado.","No se ejecutaron pruebas porque esta tarea solo crea documentacion."
"Checklist de validacion QA","Deuda simple","Prueba recomendada","QA","Validacion QA: Deuda simple.","Crear deuda sin productos, validar saldo, ciclo y comprobante.","Tablas/areas: movimientos; credito_ciclos; comprobantes.","Ejecutar con al menos dos roles y, para sync, con dos dispositivos o bases locales.","test/*.dart; test/regression/*.dart; tools/qa/*.dart; MOBILE_QA_CHECKLIST.md; CLOUD_SYNC_QA_CHECKLIST.md","movimientos; credito_ciclos; comprobantes","Repositorios, providers y servicios del modulo","Endpoints del modulo cuando aplique","Preparar datos -> ejecutar flujo -> revisar UI -> revisar SQLite/cloud -> registrar resultado.","No cubrir estos casos aumenta riesgo de regresion funcional.","Recomendado.","No se ejecutaron pruebas porque esta tarea solo crea documentacion."
"Checklist de validacion QA","Deuda con productos","Prueba recomendada","QA","Validacion QA: Deuda con productos.","Crear producto con precio, fiar articulos, validar deuda_items, descuento de stock y PDF.","Tablas/areas: productos; deuda_items; movimientos.","Ejecutar con al menos dos roles y, para sync, con dos dispositivos o bases locales.","test/*.dart; test/regression/*.dart; tools/qa/*.dart; MOBILE_QA_CHECKLIST.md; CLOUD_SYNC_QA_CHECKLIST.md","productos; deuda_items; movimientos","Repositorios, providers y servicios del modulo","Endpoints del modulo cuando aplique","Preparar datos -> ejecutar flujo -> revisar UI -> revisar SQLite/cloud -> registrar resultado.","No cubrir estos casos aumenta riesgo de regresion funcional.","Recomendado.","No se ejecutaron pruebas porque esta tarea solo crea documentacion."
"Checklist de validacion QA","Pagos","Prueba recomendada","QA","Validacion QA: Pagos.","Registrar pago parcial y total; validar ciclo mas viejo, saldo y comprobante.","Tablas/areas: movimientos; credito_ciclos; comprobantes.","Ejecutar con al menos dos roles y, para sync, con dos dispositivos o bases locales.","test/*.dart; test/regression/*.dart; tools/qa/*.dart; MOBILE_QA_CHECKLIST.md; CLOUD_SYNC_QA_CHECKLIST.md","movimientos; credito_ciclos; comprobantes","Repositorios, providers y servicios del modulo","Endpoints del modulo cuando aplique","Preparar datos -> ejecutar flujo -> revisar UI -> revisar SQLite/cloud -> registrar resultado.","No cubrir estos casos aumenta riesgo de regresion funcional.","Recomendado.","No se ejecutaron pruebas porque esta tarea solo crea documentacion."
"Checklist de validacion QA","Inventario e imagenes","Prueba recomendada","QA","Validacion QA: Inventario e imagenes.","Crear/editar producto, agregar hasta 3 imagenes, validar optimizacion, miniatura y sync.","Tablas/areas: productos; producto_imagenes.","Ejecutar con al menos dos roles y, para sync, con dos dispositivos o bases locales.","test/*.dart; test/regression/*.dart; tools/qa/*.dart; MOBILE_QA_CHECKLIST.md; CLOUD_SYNC_QA_CHECKLIST.md","productos; producto_imagenes","Repositorios, providers y servicios del modulo","Endpoints del modulo cuando aplique","Preparar datos -> ejecutar flujo -> revisar UI -> revisar SQLite/cloud -> registrar resultado.","No cubrir estos casos aumenta riesgo de regresion funcional.","Recomendado.","No se ejecutaron pruebas porque esta tarea solo crea documentacion."
"Checklist de validacion QA","Auditorias","Prueba recomendada","QA","Validacion QA: Auditorias.","Ejecutar diaria y semanal por colaborador; revisar reportes de negocio.","Tablas/areas: auditorias; auditoria_items.","Ejecutar con al menos dos roles y, para sync, con dos dispositivos o bases locales.","test/*.dart; test/regression/*.dart; tools/qa/*.dart; MOBILE_QA_CHECKLIST.md; CLOUD_SYNC_QA_CHECKLIST.md","auditorias; auditoria_items","Repositorios, providers y servicios del modulo","Endpoints del modulo cuando aplique","Preparar datos -> ejecutar flujo -> revisar UI -> revisar SQLite/cloud -> registrar resultado.","No cubrir estos casos aumenta riesgo de regresion funcional.","Recomendado.","No se ejecutaron pruebas porque esta tarea solo crea documentacion."
"Checklist de validacion QA","Solicitudes","Prueba recomendada","QA","Validacion QA: Solicitudes.","Colaborador solicita cambio sensible; negocio aprueba/rechaza; sync refleja estado.","Tablas/areas: solicitudes_autorizacion.","Ejecutar con al menos dos roles y, para sync, con dos dispositivos o bases locales.","test/*.dart; test/regression/*.dart; tools/qa/*.dart; MOBILE_QA_CHECKLIST.md; CLOUD_SYNC_QA_CHECKLIST.md","solicitudes_autorizacion","Repositorios, providers y servicios del modulo","Endpoints del modulo cuando aplique","Preparar datos -> ejecutar flujo -> revisar UI -> revisar SQLite/cloud -> registrar resultado.","No cubrir estos casos aumenta riesgo de regresion funcional.","Recomendado.","No se ejecutaron pruebas porque esta tarea solo crea documentacion."
"Checklist de validacion QA","Campanas WhatsApp","Prueba recomendada","QA","Validacion QA: Campanas WhatsApp.","Renderizar flyers, abrir share sheet, confirmar/cancelar y validar cupo.","Tablas/areas: whatsapp_campaign_publications.","Ejecutar con al menos dos roles y, para sync, con dos dispositivos o bases locales.","test/*.dart; test/regression/*.dart; tools/qa/*.dart; MOBILE_QA_CHECKLIST.md; CLOUD_SYNC_QA_CHECKLIST.md","whatsapp_campaign_publications","Repositorios, providers y servicios del modulo","Endpoints del modulo cuando aplique","Preparar datos -> ejecutar flujo -> revisar UI -> revisar SQLite/cloud -> registrar resultado.","No cubrir estos casos aumenta riesgo de regresion funcional.","Recomendado.","No se ejecutaron pruebas porque esta tarea solo crea documentacion."
"Checklist de validacion QA","Sync offline/online","Prueba recomendada","QA","Validacion QA: Sync offline/online.","Crear cambios offline, reconectar, sincronizar y verificar segundo dispositivo.","Tablas/areas: sync_queue; sync_outbox; sync_state.","Ejecutar con al menos dos roles y, para sync, con dos dispositivos o bases locales.","test/*.dart; test/regression/*.dart; tools/qa/*.dart; MOBILE_QA_CHECKLIST.md; CLOUD_SYNC_QA_CHECKLIST.md","sync_queue; sync_outbox; sync_state","Repositorios, providers y servicios del modulo","Endpoints del modulo cuando aplique","Preparar datos -> ejecutar flujo -> revisar UI -> revisar SQLite/cloud -> registrar resultado.","No cubrir estos casos aumenta riesgo de regresion funcional.","Recomendado.","No se ejecutaron pruebas porque esta tarea solo crea documentacion."
"Checklist de validacion QA","Backend y migraciones","Prueba recomendada","QA","Validacion QA: Backend y migraciones.","Probar /health, /api/health, login JWT, sync push/pull y migraciones pendientes.","Tablas/areas: SQL Server; FiadoDbContext.","Ejecutar con al menos dos roles y, para sync, con dos dispositivos o bases locales.","test/*.dart; test/regression/*.dart; tools/qa/*.dart; MOBILE_QA_CHECKLIST.md; CLOUD_SYNC_QA_CHECKLIST.md","SQL Server; FiadoDbContext","Repositorios, providers y servicios del modulo","Endpoints del modulo cuando aplique","Preparar datos -> ejecutar flujo -> revisar UI -> revisar SQLite/cloud -> registrar resultado.","No cubrir estos casos aumenta riesgo de regresion funcional.","Recomendado.","No se ejecutaron pruebas porque esta tarea solo crea documentacion."
"Consideraciones futuras","Centralizar permisos","Mejora","Roadmap","Centralizar permisos","Extraer reglas de rol a helpers/providers y reforzar backend.","Afecta usuarios; subscriptions; solicitudes_autorizacion.","Mantener compatibilidad offline-first y multi-negocio.","ARCHITECTURE.md; docs y modulos relacionados","usuarios; subscriptions; solicitudes_autorizacion","Servicios futuros segun modulo","Endpoints futuros o existentes segun modulo","Disenar -> implementar pequeno -> migrar -> probar.","Cambios grandes sin pruebas pueden romper flujo estable.","Recomendado.","No implementado en esta tarea."
"Consideraciones futuras","Resolucion de conflictos sync","Mejora","Roadmap","Resolucion de conflictos sync","Definir politica por entidad para cambios simultaneos y UI de conflicto.","Afecta sync_state; sync_outbox; tablas sync.","Mantener compatibilidad offline-first y multi-negocio.","ARCHITECTURE.md; docs y modulos relacionados","sync_state; sync_outbox; tablas sync","Servicios futuros segun modulo","Endpoints futuros o existentes segun modulo","Disenar -> implementar pequeno -> migrar -> probar.","Cambios grandes sin pruebas pueden romper flujo estable.","Recomendado.","No implementado en esta tarea."
"Consideraciones futuras","Storage real de imagenes","Mejora","Roadmap","Storage real de imagenes","Completar Blob/S3 para binarios y cache por content_hash.","Afecta producto_imagenes; ProductImages.","Mantener compatibilidad offline-first y multi-negocio.","ARCHITECTURE.md; docs y modulos relacionados","producto_imagenes; ProductImages","Servicios futuros segun modulo","Endpoints futuros o existentes segun modulo","Disenar -> implementar pequeno -> migrar -> probar.","Cambios grandes sin pruebas pueden romper flujo estable.","Recomendado.","No implementado en esta tarea."
"Consideraciones futuras","Auditoria funcional","Mejora","Roadmap","Auditoria funcional","Registrar antes/despues, usuario, dispositivo y origen para cambios sensibles.","Afecta SyncLogs; solicitudes_autorizacion.","Mantener compatibilidad offline-first y multi-negocio.","ARCHITECTURE.md; docs y modulos relacionados","SyncLogs; solicitudes_autorizacion","Servicios futuros segun modulo","Endpoints futuros o existentes segun modulo","Disenar -> implementar pequeno -> migrar -> probar.","Cambios grandes sin pruebas pueden romper flujo estable.","Recomendado.","No implementado en esta tarea."
"Consideraciones futuras","Web offline","Mejora","Roadmap","Web offline","Definir almacenamiento local web productivo si se quiere web offline-first.","Afecta SQLite/web storage por definir.","Mantener compatibilidad offline-first y multi-negocio.","ARCHITECTURE.md; docs y modulos relacionados","SQLite/web storage por definir","Servicios futuros segun modulo","Endpoints futuros o existentes segun modulo","Disenar -> implementar pequeno -> migrar -> probar.","Cambios grandes sin pruebas pueden romper flujo estable.","Recomendado.","No implementado en esta tarea."